token,window,city,pano_id,left,top,width,height
tb02bbf3620,stored,seattle-wa,qLmJ4Mrbd7DA89RCsYEWEg,1872,3986,885,590
tb02bbf3620,leak,seattle-wa,qLmJ4Mrbd7DA89RCsYEWEg,1872,4227,885,590
tb02bbf3620,antileak,seattle-wa,qLmJ4Mrbd7DA89RCsYEWEg,1872,3745,885,590
t2a9cd4e98a,stored,seattle-wa,Kv8llVR-BKaewjLQpJMlXg,4305,4102,1022,681
t2a9cd4e98a,leak,seattle-wa,Kv8llVR-BKaewjLQpJMlXg,4305,4314,1022,681
t2a9cd4e98a,antileak,seattle-wa,Kv8llVR-BKaewjLQpJMlXg,4305,3889,1022,681
t96d569c7a1,stored,oradell-nj,vR7MKKtCpn1byStykWoA0g,13805,4316,1822,1215
t96d569c7a1,leak,oradell-nj,vR7MKKtCpn1byStykWoA0g,13805,4077,1822,1215
t96d569c7a1,antileak,oradell-nj,vR7MKKtCpn1byStykWoA0g,13805,4556,1822,1215
t8474531813,stored,la-piedad-old,6WclfvgKdTW3ge4-GetWxg,14322,4190,1177,785
t8474531813,leak,la-piedad-old,6WclfvgKdTW3ge4-GetWxg,14322,4401,1177,785
t8474531813,antileak,la-piedad-old,6WclfvgKdTW3ge4-GetWxg,14322,3978,1177,785
t1dfb0fa535,stored,auckland,mNobHNslKBVzFkTixIusoA,1242,4264,2547,1698
t1dfb0fa535,leak,auckland,mNobHNslKBVzFkTixIusoA,1242,4061,2547,1698
t1dfb0fa535,antileak,auckland,mNobHNslKBVzFkTixIusoA,1242,4467,2547,1698
tf0985789a2,stored,pittsburgh-pa,UB0ggKO-d5H3QYGnPELrSA,14523,4278,1450,967
tf0985789a2,leak,pittsburgh-pa,UB0ggKO-d5H3QYGnPELrSA,14523,4056,1450,967
tf0985789a2,antileak,pittsburgh-pa,UB0ggKO-d5H3QYGnPELrSA,14523,4499,1450,967
t6c51228896,stored,pittsburgh-pa,17IZUHkySgLd5Fj0Ot4Cmw,13176,3540,3328,2219
t6c51228896,leak,pittsburgh-pa,17IZUHkySgLd5Fj0Ot4Cmw,13176,3147,3328,2219
t6c51228896,antileak,pittsburgh-pa,17IZUHkySgLd5Fj0Ot4Cmw,13176,3932,3328,2219
td6afd8a9cc,stored,seattle-wa,vV3e2is-OkI0bCU_tkhDtA,3653,4215,1236,824
td6afd8a9cc,leak,seattle-wa,vV3e2is-OkI0bCU_tkhDtA,3653,4465,1236,824
td6afd8a9cc,antileak,seattle-wa,vV3e2is-OkI0bCU_tkhDtA,3653,3965,1236,824
tcfa474fdbb,stored,seattle-wa,0xnRUDaaVW8lOFdM1ah3mg,1061,4282,2404,1603
tcfa474fdbb,leak,seattle-wa,0xnRUDaaVW8lOFdM1ah3mg,1061,4090,2404,1603
tcfa474fdbb,antileak,seattle-wa,0xnRUDaaVW8lOFdM1ah3mg,1061,4475,2404,1603
t4b6681000c,stored,pittsburgh-pa,ewQIi2qjD0oCnfCVEeoA6Q,1633,3474,1170,780
t4b6681000c,leak,pittsburgh-pa,ewQIi2qjD0oCnfCVEeoA6Q,1633,3743,1170,780
t4b6681000c,antileak,pittsburgh-pa,ewQIi2qjD0oCnfCVEeoA6Q,1633,3205,1170,780
tee36d01593,stored,newberg-or,xmk0T3G40igs34p5iuMv8w,6346,3242,3163,2109
tee36d01593,leak,newberg-or,xmk0T3G40igs34p5iuMv8w,6346,3065,3163,2109
tee36d01593,antileak,newberg-or,xmk0T3G40igs34p5iuMv8w,6346,3418,3163,2109
t8f8a926bca,stored,spgg,G7nQWcNURH2Kp154mCGRug,7480,3250,731,487
t8f8a926bca,leak,spgg,G7nQWcNURH2Kp154mCGRug,7480,3468,731,487
t8f8a926bca,antileak,spgg,G7nQWcNURH2Kp154mCGRug,7480,3033,731,487
t0f5be92d6a,stored,spgg,KoCWaLO8q3uToOouoHnM9Q,3584,4314,2048,1365
t0f5be92d6a,leak,spgg,KoCWaLO8q3uToOouoHnM9Q,3584,4701,2048,1365
t0f5be92d6a,antileak,spgg,KoCWaLO8q3uToOouoHnM9Q,3584,3926,2048,1365
te20c3ad8c6,stored,pittsburgh-pa,D1T6t1d6KlOlJ3JrO_gH8w,10880,3461,1116,744
te20c3ad8c6,leak,pittsburgh-pa,D1T6t1d6KlOlJ3JrO_gH8w,10880,3642,1116,744
te20c3ad8c6,antileak,pittsburgh-pa,D1T6t1d6KlOlJ3JrO_gH8w,10880,3280,1116,744
t4c652d65b8,stored,spgg,YgsfqwrxFAal5G-YAGKQSg,12491,3408,962,641
t4c652d65b8,leak,spgg,YgsfqwrxFAal5G-YAGKQSg,12491,3198,962,641
t4c652d65b8,antileak,spgg,YgsfqwrxFAal5G-YAGKQSg,12491,3617,962,641
td023af4a19,stored,la-piedad-old,PWTJxoAVJhi35OxQyi9F8A,8831,4294,2296,1531
td023af4a19,leak,la-piedad-old,PWTJxoAVJhi35OxQyi9F8A,8831,4091,2296,1531
td023af4a19,antileak,la-piedad-old,PWTJxoAVJhi35OxQyi9F8A,8831,4498,2296,1531
t2c17caf25d,stored,newberg-or,TQ7f_JLGDMg4VisAqOr5cA,2306,3494,1292,861
t2c17caf25d,leak,newberg-or,TQ7f_JLGDMg4VisAqOr5cA,2306,3652,1292,861
t2c17caf25d,antileak,newberg-or,TQ7f_JLGDMg4VisAqOr5cA,2306,3337,1292,861
tc2a88c2967,stored,cdmx,3Hr8FTfacsJyrfHVK4p8HQ,2162,810,791,527
tc2a88c2967,leak,cdmx,3Hr8FTfacsJyrfHVK4p8HQ,2162,765,791,527
tc2a88c2967,antileak,cdmx,3Hr8FTfacsJyrfHVK4p8HQ,2162,856,791,527
ta5436ea8c2,stored,la-piedad-old,pLG5teesp8yOrbRO7yRuyw,14655,4090,1006,671
ta5436ea8c2,leak,la-piedad-old,pLG5teesp8yOrbRO7yRuyw,14655,4549,1006,671
ta5436ea8c2,antileak,la-piedad-old,pLG5teesp8yOrbRO7yRuyw,14655,3632,1006,671
t0b471dc7f9,stored,newberg-or,xIyFNC9OxoNw9peqM9f_JQ,2342,3480,1196,797
t0b471dc7f9,leak,newberg-or,xIyFNC9OxoNw9peqM9f_JQ,2342,3653,1196,797
t0b471dc7f9,antileak,newberg-or,xIyFNC9OxoNw9peqM9f_JQ,2342,3306,1196,797
t0683219d7c,stored,oradell-nj,3x3uiMuin4ZDBuuDrRkSsA,6134,3374,3328,2219
t0683219d7c,leak,oradell-nj,3x3uiMuin4ZDBuuDrRkSsA,6134,3203,3328,2219
t0683219d7c,antileak,oradell-nj,3x3uiMuin4ZDBuuDrRkSsA,6134,3546,3328,2219
t6719e93285,stored,oradell-nj,7-tIcL-CEezYiuA-5FLoOA,6354,3926,830,553
t6719e93285,leak,oradell-nj,7-tIcL-CEezYiuA-5FLoOA,6354,4144,830,553
t6719e93285,antileak,oradell-nj,7-tIcL-CEezYiuA-5FLoOA,6354,3709,830,553
tbd9b1f00ac,stored,spgg,q7ADek-eP3GlIaR7EVhCww,5207,4314,1736,1157
tbd9b1f00ac,leak,spgg,q7ADek-eP3GlIaR7EVhCww,5207,3980,1736,1157
tbd9b1f00ac,antileak,spgg,q7ADek-eP3GlIaR7EVhCww,5207,4647,1736,1157
tcd57d7c29f,stored,la-piedad-old,p4XNc-qtCYkpEAWW8yOGoA,6750,4270,1412,941
tcd57d7c29f,leak,la-piedad-old,p4XNc-qtCYkpEAWW8yOGoA,6750,3955,1412,941
tcd57d7c29f,antileak,la-piedad-old,p4XNc-qtCYkpEAWW8yOGoA,6750,4584,1412,941
t8cda2fb996,stored,seattle-wa,9r1lUT6KZohjo8VC2p5WxQ,14390,4111,1035,690
t8cda2fb996,leak,seattle-wa,9r1lUT6KZohjo8VC2p5WxQ,14390,4303,1035,690
t8cda2fb996,antileak,seattle-wa,9r1lUT6KZohjo8VC2p5WxQ,14390,3919,1035,690
t5e1f8ef251,stored,seattle-wa,ayylauZML3nCOjilIznUDw,1990,872,314,209
t5e1f8ef251,leak,seattle-wa,ayylauZML3nCOjilIznUDw,1990,912,314,209
t5e1f8ef251,antileak,seattle-wa,ayylauZML3nCOjilIznUDw,1990,833,314,209
td6885cdcd0,stored,seattle-wa,rYlr8koMCVZILWyxJylLfg,1073,4256,2606,1737
td6885cdcd0,leak,seattle-wa,rYlr8koMCVZILWyxJylLfg,1073,4003,2606,1737
td6885cdcd0,antileak,seattle-wa,rYlr8koMCVZILWyxJylLfg,1073,4508,2606,1737
t0c0790ed97,stored,pittsburgh-pa,b6wgIQkNn2sFfybap9B0-Q,7685,4274,2476,1651
t0c0790ed97,leak,pittsburgh-pa,b6wgIQkNn2sFfybap9B0-Q,7685,4036,2476,1651
t0c0790ed97,antileak,pittsburgh-pa,b6wgIQkNn2sFfybap9B0-Q,7685,4511,2476,1651
t5c1367a0f5,stored,columbia-sc,uL2ipL851VYC5L24CizjAw,13662,4314,1762,1175
t5c1367a0f5,leak,columbia-sc,uL2ipL851VYC5L24CizjAw,13662,4627,1762,1175
t5c1367a0f5,antileak,columbia-sc,uL2ipL851VYC5L24CizjAw,13662,4002,1762,1175
t4d9d3baf45,stored,pittsburgh-pa,dEK_g-JiTBVdH5qQsl1x5Q,272,3776,721,481
t4d9d3baf45,leak,pittsburgh-pa,dEK_g-JiTBVdH5qQsl1x5Q,272,4305,721,481
t4d9d3baf45,antileak,pittsburgh-pa,dEK_g-JiTBVdH5qQsl1x5Q,272,3248,721,481
t85bb7f5aeb,stored,zurich,vIuC2fJNdlg1EQQUs7zeWg,16054,4138,1079,719
t85bb7f5aeb,leak,zurich,vIuC2fJNdlg1EQQUs7zeWg,16054,4413,1079,719
t85bb7f5aeb,antileak,zurich,vIuC2fJNdlg1EQQUs7zeWg,16054,3864,1079,719
t2a4daae8ed,stored,burnaby,Xu1Z-3sDWQVIqA8RC53Gag,16210,4206,1213,809
t2a4daae8ed,leak,burnaby,Xu1Z-3sDWQVIqA8RC53Gag,16210,3989,1213,809
t2a4daae8ed,antileak,burnaby,Xu1Z-3sDWQVIqA8RC53Gag,16210,4422,1213,809
t0e93dc3b3a,stored,teaneck-nj,Vo0Cw4yQiPBrkHrjSgyx5w,4181,3506,1612,1075
t0e93dc3b3a,leak,teaneck-nj,Vo0Cw4yQiPBrkHrjSgyx5w,4181,3353,1612,1075
t0e93dc3b3a,antileak,teaneck-nj,Vo0Cw4yQiPBrkHrjSgyx5w,4181,3660,1612,1075
t09c8d57d40,stored,seattle-wa,e5183gabcZBPnG2Xk8bV5w,8584,4310,1683,1122
t09c8d57d40,leak,seattle-wa,e5183gabcZBPnG2Xk8bV5w,8584,3881,1683,1122
t09c8d57d40,antileak,seattle-wa,e5183gabcZBPnG2Xk8bV5w,8584,4739,1683,1122
t323e8476b2,stored,columbia-sc,A9umkQYgBXRC_asvLaGNFQ,11645,4394,4096,2731
t323e8476b2,leak,columbia-sc,A9umkQYgBXRC_asvLaGNFQ,11645,4212,4096,2731
t323e8476b2,antileak,columbia-sc,A9umkQYgBXRC_asvLaGNFQ,11645,4577,4096,2731
t39bc67b309,stored,columbia-sc,e_-kLHTQ-AHSxm6s9d2f1A,6134,3320,3328,2219
t39bc67b309,leak,columbia-sc,e_-kLHTQ-AHSxm6s9d2f1A,6134,3160,3328,2219
t39bc67b309,antileak,columbia-sc,e_-kLHTQ-AHSxm6s9d2f1A,6134,3479,3328,2219
tb32ec67888,stored,pittsburgh-pa,dBD1oklRmGtPBf6MFB0Ivw,1090,4209,1221,814
tb32ec67888,leak,pittsburgh-pa,dBD1oklRmGtPBf6MFB0Ivw,1090,4400,1221,814
tb32ec67888,antileak,pittsburgh-pa,dBD1oklRmGtPBf6MFB0Ivw,1090,4018,1221,814
t80327bc1d2,stored,st-louis-mo,L08KkFnrw3AYsTkbVWZK-Q,9372,4314,2041,1361
t80327bc1d2,leak,st-louis-mo,L08KkFnrw3AYsTkbVWZK-Q,9372,4110,2041,1361
t80327bc1d2,antileak,st-louis-mo,L08KkFnrw3AYsTkbVWZK-Q,9372,4517,2041,1361
tb5a784eeb7,stored,waltham-ma,UEil87f4uZUZsuTOnPmTBw,6042,4306,1645,1097
tb5a784eeb7,leak,waltham-ma,UEil87f4uZUZsuTOnPmTBw,6042,4104,1645,1097
tb5a784eeb7,antileak,waltham-ma,UEil87f4uZUZsuTOnPmTBw,6042,4509,1645,1097
t052aaa5273,stored,teaneck-nj,ywtK3w3kGSXY8Gmr7x4f8Q,6923,3339,840,560
t052aaa5273,leak,teaneck-nj,ywtK3w3kGSXY8Gmr7x4f8Q,6923,3171,840,560
t052aaa5273,antileak,teaneck-nj,ywtK3w3kGSXY8Gmr7x4f8Q,6923,3507,840,560
td16def9aa7,stored,teaneck-nj,5_XhXJIR3gbZQFkqyVvPgw,13978,4286,1498,999
td16def9aa7,leak,teaneck-nj,5_XhXJIR3gbZQFkqyVvPgw,13978,4505,1498,999
td16def9aa7,antileak,teaneck-nj,5_XhXJIR3gbZQFkqyVvPgw,13978,4068,1498,999
t1cc66bb023,stored,paterson-nj,y9WShIfCXLA2jNU7thZVYg,8264,3942,843,562
t1cc66bb023,leak,paterson-nj,y9WShIfCXLA2jNU7thZVYg,8264,4143,843,562
t1cc66bb023,antileak,paterson-nj,y9WShIfCXLA2jNU7thZVYg,8264,3741,843,562
tae8b5ed813,stored,burnaby,MrUWoRABBoQL-vFvGTG7UQ,11046,4278,1448,965
tae8b5ed813,leak,burnaby,MrUWoRABBoQL-vFvGTG7UQ,11046,4084,1448,965
tae8b5ed813,antileak,burnaby,MrUWoRABBoQL-vFvGTG7UQ,11046,4471,1448,965
tb6a6f4747d,stored,cliffside-park-nj,NTQAHhgF8ast557yQvj2nQ,5377,4194,1184,789
tb6a6f4747d,leak,cliffside-park-nj,NTQAHhgF8ast557yQvj2nQ,5377,4467,1184,789
tb6a6f4747d,antileak,cliffside-park-nj,NTQAHhgF8ast557yQvj2nQ,5377,3920,1184,789
t117ef4d34c,stored,burnaby,yTEVZUd7rp5l670jGCG8-g,9434,4318,1892,1261
t117ef4d34c,leak,burnaby,yTEVZUd7rp5l670jGCG8-g,9434,4514,1892,1261
t117ef4d34c,antileak,burnaby,yTEVZUd7rp5l670jGCG8-g,9434,4121,1892,1261
tb375f54716,stored,oradell-nj,iEPoOZ3HE1aWSAKJD9XVyw,6333,3476,1178,785
tb375f54716,leak,oradell-nj,iEPoOZ3HE1aWSAKJD9XVyw,6333,3221,1178,785
tb375f54716,antileak,oradell-nj,iEPoOZ3HE1aWSAKJD9XVyw,6333,3730,1178,785
t139169fe00,stored,knox-oh,tAY-_oqj4bFSsA2WqqCX2A,14932,4180,1154,769
t139169fe00,leak,knox-oh,tAY-_oqj4bFSsA2WqqCX2A,14932,3957,1154,769
t139169fe00,antileak,knox-oh,tAY-_oqj4bFSsA2WqqCX2A,14932,4402,1154,769
tc6d2923de1,stored,columbia-sc,vRItFyifBH6mRKTfKTvLjg,8920,4218,1243,829
tc6d2923de1,leak,columbia-sc,vRItFyifBH6mRKTfKTvLjg,8920,3998,1243,829
tc6d2923de1,antileak,columbia-sc,vRItFyifBH6mRKTfKTvLjg,8920,4437,1243,829
