label_id,pano_id,label_type,severity,tags,time_created,correct,agree_count,disagree_count,unsure_count,image_capture_date,heading,pitch,zoom,canvas_x,canvas_y,canvas_width,canvas_height,pano_x,pano_y,pano_width,pano_height,camera_heading,camera_pitch,camera_roll,latitude,longitude,era,user_id,pano_source,city,jm_made,jm_votes,label_uid,scrape_era,pose_source,pitch_deg,roll_deg,jpg_width,jpg_height,dbear,T_deg,era_arm,source
167312,qLmJ4Mrbd7DA89RCsYEWEg,CurbRamp,1.0,[],2021-07-15 19:39:31.623000+00:00,True,2,0,0,2019-06,43.22321319580078,-9.25,2.0,457.0,175.0,720.0,480.0,2314.0,4281.0,16384.0,8192.0,180.0100860595703,2.765289306640625,,47.60094450975871,-122.32619921868005,mid,7486977c-f91a-4ce0-be11-c0c8a0b38e12,gsv,seattle-wa,0,"{""jon"": ""Agree""}",seattle-wa:167312,xml,xml,2.819486818499433,4.534985565611862,16384.0,8192.0,-129.1552734375,-5.2968905831767135,legacy+mid,store
125435,Kv8llVR-BKaewjLQpJMlXg,SurfaceProblem,1.0,"[""grass""]",2021-01-27 00:31:15.714000+00:00,True,3,1,0,2019-06,169.5495147705078,-7.056124687194824,3.0,352.0,254.0,720.0,480.0,4816.0,4442.0,16384.0,8192.0,243.4076232910156,-2.6758804321289062,,47.5942255838664,-122.3163442650048,mid,8ba4641d-f661-4351-8f20-ff86057a8b16,gsv,seattle-wa,0,"{""jon"": ""Agree""}",seattle-wa:125435,xml,xml,-3.7242753796064654,3.8016232438107425,16384.0,8192.0,-74.1796875,-4.672940095894209,legacy+mid,store
4766,vR7MKKtCpn1byStykWoA0g,SurfaceProblem,2.0,"[""cracks"",""grass""]",2022-05-12 21:25:03.018000+00:00,True,3,0,0,2019-07,73.52901458740234,-17.879465103149414,2.0,356.0,244.0,720.0,480.0,14716.0,4924.0,16384.0,8192.0,289.9197998046875,-5.493706226348877,,40.95873960321529,-74.03143578673173,mid,549187e0-82c9-4014-a48d-31f18083d575,gsv,oradell-nj,1,{},oradell-nj:4766,xml,xml,-5.463802318635183,1.4773165614981771,16384.0,8192.0,143.349609375,5.265424857572576,legacy+mid,store
699,6WclfvgKdTW3ge4-GetWxg,Obstacle,3.0,"[""garage entrance"",""height difference""]",2022-05-13 21:59:27.187000+00:00,,0,0,1,2019-06,173.0111541748047,-8.015625,3.0,306.0,308.0,720.0,480.0,14911.0,4582.0,16384.0,8192.0,23.22261047363281,5.729408264160156,,20.342592913530304,-102.03277226423796,mid,549187e0-82c9-4014-a48d-31f18083d575,gsv,la-piedad-old,1,{},la-piedad-old:699,modern,npz,5.885307,0.613802,16384.0,8192.0,147.63427734375,-4.642433298173408,legacy+mid,store
88,mNobHNslKBVzFkTixIusoA,CurbRamp,1.0,[],2023-02-14 17:56:45.662000+00:00,True,2,0,1,2022-06,293.0267028808594,-25.089284896850582,2.0,554.0,216.0,720.0,480.0,2516.0,5113.0,16384.0,8192.0,74.02530670166016,-4.764860153198242,,-36.91377446763882,174.66874315706173,mid,6933fa01-62ac-49d9-928a-8813c45832bb,gsv,auckland,0,"{""jon"": ""Agree""}",auckland:88,modern,npz,-4.868584,-2.055145,16384.0,8192.0,-124.716796875,4.462040646744795,legacy+mid,store
13140,UB0ggKO-d5H3QYGnPELrSA,CurbRamp,1.0,[],2021-04-30 02:37:37.372000+00:00,True,2,0,0,2020-11,32.125,-8.8125,1.0,299.0,278.0,720.0,480.0,15248.0,4761.0,16384.0,8192.0,227.23297119140625,-4.877349853515625,,40.44970166069324,-79.95675451447076,mid,4371574d-ef66-4527-ad11-81a2e8dbcca4,gsv,pittsburgh-pa,0,"{""jon"": ""Agree""}",pittsburgh-pa:13140,xml,xml,-4.701181398952993,1.4166839641001023,16384.0,8192.0,155.0390625,4.859911878924182,legacy+mid,store
12758,17IZUHkySgLd5Fj0Ot4Cmw,SurfaceProblem,3.0,"[""bumpy"",""grass""]",2021-04-26 01:35:40.254000+00:00,True,4,0,0,2017-09,166.875,-35.0,1.0,609.0,303.0,720.0,480.0,1528.0,4649.0,13312.0,6656.0,349.305419921875,-14.71185302734375,,40.445958695479696,-79.9742322444413,mid,cccb5520-b990-4b0f-8996-c9a68a7a9212,gsv,pittsburgh-pa,0,"{""jon"": ""Agree""}",pittsburgh-pa:12758,xml,xml,-14.705536984368687,0.6523438980826871,13312.0,6656.0,-138.6778846153846,10.61325822461535,legacy+mid,store
123252,vV3e2is-OkI0bCU_tkhDtA,Obstacle,1.0,"[""narrow"",""parked car""]",2021-01-12 00:12:51.609000+00:00,True,5,1,1,2019-06,315.6540222167969,-24.3125,1.0,50.0,183.0,720.0,480.0,4271.0,4627.0,16384.0,8192.0,0.2051207572221756,0.385589987039566,,47.6215739742692,-122.29331801081103,mid,999fe726-2caf-48ee-8a6a-d18b80b839fd,gsv,seattle-wa,0,"{""jon"": ""Agree""}",seattle-wa:123252,xml,xml,1.144187752163455,5.5795203087685,16384.0,8192.0,-86.15478515625,-5.490229304916794,legacy+mid,store
12108,0xnRUDaaVW8lOFdM1ah3mg,CurbRamp,1.0,[],2019-04-26 17:13:40.895000+00:00,True,1,0,0,2018-07,253.1919708251953,-19.696428298950195,1.0,282.0,256.0,720.0,480.0,2263.0,5084.0,16384.0,8192.0,10.3659029006958,-1.137115478515625,,47.6583251953125,-122.27944946289062,legacy,549187e0-82c9-4014-a48d-31f18083d575,gsv,seattle-wa,1,{},seattle-wa:12108,xml,xml,-1.136261643255502,-4.570887165317725,16384.0,8192.0,-130.27587890625,4.221872718557536,legacy+mid,store
6791,ewQIi2qjD0oCnfCVEeoA6Q,SurfaceProblem,3.0,"[""bumpy"",""cracks""]",2021-01-13 19:28:40.334000+00:00,True,3,0,0,2019-05,262.125,-4.25,1.0,403.0,306.0,720.0,480.0,2218.0,3864.0,13312.0,6656.0,29.02403259277344,1.8204193115234373,,40.4558892426385,-79.90509053763337,mid,c8609cb4-0332-4b5f-987b-ce127ee425f4,gsv,pittsburgh-pa,0,"{""jon"": ""Agree""}",pittsburgh-pa:6791,xml,xml,4.09804125211294,6.043219431582524,13312.0,6656.0,-120.01802884615384,-7.282767766441339,legacy+mid,store
1979,xmk0T3G40igs34p5iuMv8w,Obstacle,3.0,"[""pole""]",2019-03-07 01:55:08.796000+00:00,True,1,0,1,2012-06,98.375,-12.1875,1.0,526.0,348.0,720.0,480.0,7928.0,4296.0,13312.0,6656.0,90.62611389160156,3.5866470336914062,,45.3062629699707,-122.9539794921875,legacy,a050a3bd-6dbc-4110-87c1-931ab23ef243,gsv,newberg-or,0,"{""jon"": ""Agree""}",newberg-or:1979,xml,xml,3.550833315511805,3.2594451622095812,13312.0,6656.0,34.39903846153845,4.771307996922451,legacy+mid,store
86015,G7nQWcNURH2Kp154mCGRug,SurfaceProblem,2.0,"[""height difference""]",2021-03-09 19:46:28.474000+00:00,True,2,0,1,2014-08,21.729909896850582,-1.9933035373687744,3.0,356.0,304.0,720.0,480.0,7845.0,3494.0,13312.0,6656.0,349.4051513671875,-6.4865570068359375,,25.631123434726952,-100.34383284019113,mid,afcc44e7-efa9-4451-a634-dbb1d516a883,gsv,spgg,0,"{""jon"": ""Agree""}",spgg:86015,xml,xml,-6.5707089663803275,-0.6211148679021984,13312.0,6656.0,32.15444711538461,-5.893430436419601,legacy+mid,store
68919,KoCWaLO8q3uToOouoHnM9Q,Obstacle,3.0,"[""narrow"",""pole"",""vegetation""]",2021-02-25 20:39:50.095000+00:00,True,2,0,1,2019-07,61.9375,-17.5625,1.0,249.0,260.0,720.0,480.0,4608.0,4996.0,16384.0,8192.0,122.53541564941406,1.7243118286132812,,25.68435509823769,-100.40913472243578,mid,623c11e4-078e-4d12-abdf-cac2a438c565,gsv,spgg,0,"{""mikey"": ""Agree""}",spgg:68919,xml,xml,1.1090210382983694,8.891100738188248,16384.0,8192.0,-78.75,-8.50390145911304,legacy+mid,store
1221,D1T6t1d6KlOlJ3JrO_gH8w,NoCurbRamp,3.0,[],2020-11-10 14:51:15.321000+00:00,True,4,1,1,2014-06,95.95758819580078,-14.0625,3.0,484.0,231.0,720.0,480.0,11438.0,3833.0,13312.0,6656.0,331.61968994140625,1.0770950317382812,,40.43072772472046,-79.95542411636954,legacy,d08d0dfb-523f-4b81-a49d-6600ad9f6269,gsv,pittsburgh-pa,0,"{""mikey"": ""Unsure"", ""jon"": ""Agree""}",pittsburgh-pa:1221,xml,xml,3.698939086575589,-3.286801984044574,13312.0,6656.0,129.32091346153845,-4.886581399898702,legacy+mid,store
8075,YgsfqwrxFAal5G-YAGKQSg,Obstacle,3.0,"[""tree""]",2020-09-08 14:08:56.190000+00:00,True,1,0,1,2014-11,20.178571701049805,-17.375,1.0,313.0,199.0,720.0,480.0,12972.0,3728.0,13312.0,6656.0,201.87286376953125,-3.620758056640625,,25.65664863586425,-100.3990249633789,legacy,549187e0-82c9-4014-a48d-31f18083d575,gsv,spgg,1,{},spgg:8075,xml,xml,-5.792572220453415,-0.29344006343951323,13312.0,6656.0,170.80528846153845,5.671254755436192,legacy+mid,store
197,PWTJxoAVJhi35OxQyi9F8A,NoCurbRamp,3.0,"[""no alternate route""]",2022-03-17 19:29:19.493000+00:00,True,2,0,0,2019-06,87.6875,-30.3125,1.0,201.0,195.0,720.0,480.0,9979.0,5060.0,16384.0,8192.0,23.025617599487305,4.997589111328125,,20.342976085827832,-102.03262539318776,mid,d5e4d93b-77d4-484b-a0b1-5e143c00facb,gsv,la-piedad-old,0,"{""jon"": ""Agree""}",la-piedad-old:197,modern,npz,5.125565,0.809211,16384.0,8192.0,39.26513671875,4.4805005926226045,legacy+mid,store
4601,TQ7f_JLGDMg4VisAqOr5cA,SurfaceProblem,1.0,"[""uneven/slanted""]",2019-04-03 19:52:16.546000+00:00,True,3,0,0,2018-07,348.1651916503906,-17.84151840209961,3.0,391.0,197.0,720.0,480.0,2952.0,3925.0,13312.0,6656.0,89.58860778808594,2.114952087402344,,45.306095123291016,-122.96595001220705,legacy,18b26a38-24ab-402d-a64e-158fc0bb8a8a,gsv,newberg-or,1,"{""jon"": ""Agree""}",newberg-or:4601,xml,xml,2.1123018502087088,3.939426467597138,13312.0,6656.0,-100.16826923076924,-4.250457024019727,legacy+mid,store
6000,3Hr8FTfacsJyrfHVK4p8HQ,NoCurbRamp,3.0,"[""no alternate route""]",2020-07-18 19:50:02.731000+00:00,True,2,1,0,2008-09,304.8125,-31.4375,1.0,373.0,207.0,720.0,480.0,2558.0,1074.0,3328.0,1664.0,213.0295867919922,-0.2989799976348877,,19.463817596435547,-99.15924072265624,legacy,5593e320-2329-4c53-8d8e-104687c14486,gsv,cdmx,0,"{""jon"": ""Agree""}",cdmx:6000,xml,xml,-2.003376087640654,4.690040964796536,3328.0,1664.0,96.70673076923077,4.891915819259701,legacy+mid,store
994,pLG5teesp8yOrbRO7yRuyw,Obstacle,3.0,"[""garage entrance"",""height difference"",""stairs""]",2022-05-15 19:55:08.766000+00:00,,0,0,1,2019-06,186.5,-14.9375,1.0,256.0,193.0,720.0,480.0,15158.0,4426.0,16384.0,8192.0,17.38539695739746,10.896270751953123,,20.3437448698262,-102.0367481114704,mid,549187e0-82c9-4014-a48d-31f18083d575,gsv,la-piedad-old,1,{},la-piedad-old:994,modern,npz,10.592354,-1.412781,16384.0,8192.0,153.0615234375,-10.083051836762419,legacy+mid,store
4604,xIyFNC9OxoNw9peqM9f_JQ,CurbRamp,1.0,"[""missing tactile warning"",""not enough landing space""]",2019-04-03 19:52:40.354000+00:00,True,3,1,0,2018-07,344.3973083496094,-11.741071701049805,2.0,419.0,280.0,720.0,480.0,2940.0,3878.0,13312.0,6656.0,89.7132339477539,3.0709228515625,,45.30609893798828,-122.96623229980467,legacy,18b26a38-24ab-402d-a64e-158fc0bb8a8a,gsv,newberg-or,1,{},newberg-or:4604,xml,xml,3.0638321358197302,4.213909425167834,13312.0,6656.0,-100.49278846153845,-4.7014036270925175,legacy+mid,store
5634,3x3uiMuin4ZDBuuDrRkSsA,CurbRamp,1.0,"[""missing tactile warning""]",2022-06-01 13:25:05.307000+00:00,True,4,0,1,2012-09,130.375,-34.4375,1.0,348.0,220.0,720.0,480.0,7798.0,4484.0,13312.0,6656.0,97.26101684570312,5.450157165527344,,40.962731875119694,-74.03085529869378,mid,549187e0-82c9-4014-a48d-31f18083d575,gsv,oradell-nj,1,{},oradell-nj:5634,xml,xml,5.449557661095624,-0.0694355700919716,13312.0,6656.0,30.883413461538453,4.641243362490912,legacy+mid,store
6857,7-tIcL-CEezYiuA-5FLoOA,NoCurbRamp,3.0,"[""no alternate route""]",2022-06-21 14:50:29.399000+00:00,True,2,1,2,2022-03,92.6875,-15.0625,1.0,265.0,159.0,720.0,480.0,6769.0,4203.0,16384.0,8192.0,109.57039642333984,-3.576972961425781,,40.95752789156927,-74.0437195364861,mid,53ad4d79-9a7b-4d3c-a753-63bbfca34c9b,gsv,oradell-nj,0,"{""jon"": ""Agree""}",oradell-nj:6857,xml,xml,-3.5695868816430956,3.3275290373491138,16384.0,8192.0,-31.26708984375,-4.778211233888901,legacy+mid,store
37721,q7ADek-eP3GlIaR7EVhCww,NoCurbRamp,3.0,[],2020-11-24 13:48:59.603000+00:00,True,2,0,0,2019-08,277.625,-23.875,1.0,34.0,240.0,720.0,480.0,6075.0,4892.0,16384.0,8192.0,279.535888671875,2.585411071777344,,25.68454156296227,-100.41692171705245,legacy,493b19b9-226c-4234-9412-8955c0c89928,gsv,spgg,0,"{""jon"": ""Agree""}",spgg:37721,xml,xml,5.281715399499992,-5.095414005056472,16384.0,8192.0,-46.51611328125,7.331684348169846,legacy+mid,store
687,p4XNc-qtCYkpEAWW8yOGoA,NoCurbRamp,3.0,"[""no alternate route""]",2022-05-13 21:58:15.588000+00:00,False,0,1,2,2019-06,3.0357143878936768,-13.669642448425291,3.0,274.0,253.0,720.0,480.0,7456.0,4740.0,16384.0,8192.0,15.729287147521973,7.539222717285156,,20.34264332487882,-102.0328452314666,mid,549187e0-82c9-4014-a48d-31f18083d575,gsv,la-piedad-old,1,{},la-piedad-old:687,modern,npz,7.702637,1.774758,16384.0,8192.0,-16.171875,6.9035426078859174,legacy+mid,store
279878,9r1lUT6KZohjo8VC2p5WxQ,NoCurbRamp,3.0,"[""alternate route present""]",2024-04-16 20:02:04.961000+00:00,True,1,0,0,2022-12,37.1875,-22.8125,1.0,512.0,148.0,720.0,480.0,14907.0,4456.0,16384.0,8192.0,272.0228881835937,4.675829887390137,,47.63967260716397,-122.37116879752516,post179,4a5ab360-2790-4c4f-8d4d-75f80d07276c,gsv,seattle-wa,0,"{""mikey"": ""Agree""}",seattle-wa:279878,modern,npz,4.593872,-0.639313,16384.0,8192.0,147.54638671875,-4.2194953867592115,post179,store
290907,ayylauZML3nCOjilIznUDw,NoCurbRamp,3.0,"[""no alternate route""]",2024-10-04 18:26:54.043000+00:00,True,2,0,0,2007-09,335.4375,-18.1875,1.0,263.0,228.0,720.0,480.0,2147.0,977.0,3328.0,1664.0,267.6302,-7.949399999999997,,47.67586487865526,-122.28902872883916,post179,ef6e259a-9970-44a4-9683-ad0ed3eacbe1,gsv,seattle-wa,0,"{""mikey"": ""Agree""}",seattle-wa:290907,modern,npz,-7.949402,0.73488,3328.0,1664.0,52.24759615384616,-4.285981897176139,post179,store
316343,rYlr8koMCVZILWyxJylLfg,SurfaceProblem,,"[""uneven/slanted"",""bumpy""]",2026-05-24 03:09:00.415000+00:00,True,2,0,0,2025-09,65.484375,-21.96874999999998,3.0,411.0,256.0,720.0,480.0,2376.0,5124.0,16384.0,8192.0,195.44856,-6.084919999999997,,47.66267473077836,-122.27030345407688,post179,cc7ba8fe-bda1-4be2-b365-ac6b00960982,gsv,seattle-wa,0,"{""mikey"": ""Agree""}",seattle-wa:316343,modern,npz,-6.084953,-2.31543,16384.0,8192.0,-127.79296875,5.558643311131674,post179,store
22490,b6wgIQkNn2sFfybap9B0-Q,NoCurbRamp,3.0,"[""alternate route present""]",2024-02-16 19:25:35.027000+00:00,True,3,2,1,2022-06,205.25,-12.6875,1.0,308.0,301.0,720.0,480.0,8923.0,5099.0,16384.0,8192.0,180.4788360595703,5.774940013885498,,40.45804950531758,-79.99554863625544,post179,ef746bd8-2779-410c-b1ca-18d03666abbd,gsv,pittsburgh-pa,0,"{""jon"": ""Agree""}",pittsburgh-pa:22490,modern,npz,5.769234,-1.197449,16384.0,8192.0,16.06201171875,5.212712019573646,post179,store
36489,uL2ipL851VYC5L24CizjAw,Obstacle,3.0,"[""trash/recycling can""]",2025-06-21 15:58:28.091000+00:00,True,6,0,1,2022-09,149.2045135498047,-17.410715103149414,2.0,391.0,244.0,720.0,480.0,14543.0,4902.0,16384.0,8192.0,12.232461929321287,8.284225463867188,,34.036490516415505,-81.02826743130136,post179,65f7fffc-b142-4397-b1b0-f655ed8717fd,gsv,columbia-sc,0,"{""jon"": ""Agree""}",columbia-sc:36489,modern,npz,8.28212,-0.863159,16384.0,8192.0,139.54833984375,-6.862332228098735,post179,store
19902,dEK_g-JiTBVdH5qQsl1x5Q,Obstacle,3.0,"[""narrow"",""parked car""]",2023-08-01 19:42:24.112000+00:00,True,2,0,1,2022-06,94.625,-6.875,1.0,435.0,185.0,720.0,480.0,633.0,4017.0,16384.0,8192.0,272.31689453125,11.924200057983398,,40.426987801272695,-80.01273759613248,post179,62ad1662-39e2-48c3-a20e-0403a6ef1386,gsv,pittsburgh-pa,0,"{""jon"": ""Agree""}",pittsburgh-pa:19902,modern,npz,11.825623,0.514414,16384.0,8192.0,-166.09130859375,-11.60254849567173,post179,store
943,vIuC2fJNdlg1EQQUs7zeWg,SurfaceProblem,1.0,[],2023-04-17 18:36:22.674000+00:00,,0,0,1,2021-05,206.30128924640772,-0.0672665627144583,2.0,546.0,355.0,720.0,480.0,209.0,4498.0,16384.0,8192.0,36.15696716308594,6.070206165313721,,47.3722890630902,8.545569833603933,post179,18b26a38-24ab-402d-a64e-158fc0bb8a8a,gsv,zurich,1,{},zurich:943,modern,npz,6.070206,-0.265747,16384.0,8192.0,-175.40771484375,-6.029441668467793,post179,store
1026,Xu1Z-3sDWQVIqA8RC53Gag,SurfaceProblem,1.0,"[""height difference""]",2023-08-16 01:42:23.907000+00:00,True,2,0,0,2022-02,181.58035278320312,-14.044642448425291,3.0,441.0,170.0,720.0,480.0,432.0,4610.0,16384.0,8192.0,355.32525634765625,-5.140870094299316,,49.27457222061913,-122.99757979386308,post179,504ca81a-11ed-4331-af20-e60dc3d2da06,gsv,burnaby,0,"{""jon"": ""Agree""}",burnaby:1026,modern,npz,-5.092178,1.548512,16384.0,8192.0,-170.5078125,4.76708644797464,post179,store
10183,Vo0Cw4yQiPBrkHrjSgyx5w,SurfaceProblem,2.0,"[""uneven/slanted"",""height difference""]",2024-05-15 21:12:36.879000+00:00,True,2,0,0,2012-08,76.53493879924156,-33.30137429738887,1.0,321.0,151.0,720.0,480.0,4987.0,4044.0,13312.0,6656.0,115.3311538696289,5.538129806518555,,40.888631138522726,-74.00621968631405,post179,8f0316e1-2ea5-499d-bbc8-b5ee62ad5696,gsv,teaneck-nj,0,"{""mikey"": ""Agree""}",teaneck-nj:10183,modern,npz,5.550049,-0.345642,13312.0,6656.0,-45.13521634615384,4.1601866248080235,post179,store
302976,e5183gabcZBPnG2Xk8bV5w,CurbRamp,1.0,[],2025-06-16 19:17:14.953000+00:00,,1,1,0,2019-06,285.8035583496094,-10.803571701049805,2.0,516.0,324.0,720.0,480.0,9425.0,4871.0,16384.0,8192.0,271.3807983398437,10.343170166015623,,47.57941662370238,-122.39379685753774,post179,c858720c-b57c-4d57-80e5-944af2049d27,gsv,seattle-wa,0,"{""mikey"": ""Agree""}",seattle-wa:302976,modern,npz,10.34317,0.475116,16384.0,8192.0,27.09228515625,9.424636450675681,post179,store
65255,A9umkQYgBXRC_asvLaGNFQ,SurfaceProblem,2.0,"[""cracks""]",2025-08-14 14:02:51.560000+00:00,True,3,0,0,2022-09,242.0513458251953,-22.808034896850582,1.0,244.0,342.0,720.0,480.0,13693.0,5760.0,16384.0,8192.0,99.62887573242188,-5.3898701667785645,,34.03566109081646,-81.0031579303617,post179,2bf5df56-a1bf-4d83-9c56-e0d4552ba72d,gsv,columbia-sc,0,"{""jon"": ""Agree""}",columbia-sc:65255,modern,npz,-5.394615,1.459057,16384.0,8192.0,120.87158203125,4.0203982005622425,post179,store
39270,e_-kLHTQ-AHSxm6s9d2f1A,SurfaceProblem,1.0,"[""debris""]",2025-06-26 22:50:15.692000+00:00,True,3,0,1,2011-07,273.875,-35.0,1.0,348.0,207.0,720.0,480.0,7798.0,4429.0,13312.0,6656.0,240.81271362304688,3.8498458862304688,,34.02330507487918,-81.05629590987911,post179,542c314e-ffcf-42d8-9dd1-4c5e3e533545,gsv,columbia-sc,0,"{""mikey"": ""Agree""}",columbia-sc:39270,modern,npz,4.109718,1.52648,13312.0,6656.0,30.883413461538453,4.310546849796355,post179,store
21383,dBD1oklRmGtPBf6MFB0Ivw,NoCurbRamp,2.0,[],2024-02-02 19:08:47.979000+00:00,True,5,1,0,2022-12,209.375,-21.375,1.0,320.0,177.0,720.0,480.0,1700.0,4616.0,16384.0,8192.0,345.6708068847656,4.896790027618408,,40.39133783520344,-79.99561319160186,post179,75efd5b7-6503-4333-8484-089c0ebf59b4,gsv,pittsburgh-pa,0,"{""jon"": ""Agree""}",pittsburgh-pa:21383,modern,npz,4.85524,0.573887,16384.0,8192.0,-142.646484375,-4.2076599823343726,post179,store
49909,L08KkFnrw3AYsTkbVWZK-Q,Obstacle,3.0,"[""vegetation""]",2025-11-03 16:17:39.460000+00:00,True,1,0,1,2025-09,59.34821319580078,-34.25,1.0,476.0,153.0,720.0,480.0,10392.0,4994.0,16384.0,8192.0,29.45748519897461,4.265914916992188,,38.676484118269535,-90.26407140228244,post179,8b52f466-8905-4b67-8433-23eadffeac2f,gsv,st-louis-mo,0,"{""jon"": ""Agree""}",st-louis-mo:49909,modern,npz,4.256599,2.198465,16384.0,8192.0,48.33984375,4.471882618835596,post179,store
25227,UEil87f4uZUZsuTOnPmTBw,Obstacle,2.0,"[""fire hydrant""]",2026-05-13 19:29:02.672000+00:00,True,5,0,1,2022-09,5.139687500000036,-27.3125,1.0,240.0,178.0,720.0,480.0,6865.0,4855.0,16384.0,8192.0,15.366601,3.0542140000000018,,42.377181265989286,-71.23891541890256,post179,549187e0-82c9-4014-a48d-31f18083d575,gsv,waltham-ma,1,{},waltham-ma:25227,modern,npz,3.054214,-3.650238,16384.0,8192.0,-29.15771484375,4.445641556045766,post179,store
3194,ywtK3w3kGSXY8Gmr7x4f8Q,NoCurbRamp,3.0,[],2023-12-30 15:57:44.931000+00:00,True,6,2,1,2012-08,283.0,-10.0,1.0,549.0,233.0,720.0,480.0,7343.0,3619.0,13312.0,6656.0,292.3058166503906,4.976840019226074,,40.88150315267979,-74.00575371778193,post179,96f88b6d-8c12-455d-94e6-907d94bca41d,gsv,teaneck-nj,0,"{""jon"": ""Agree""}",teaneck-nj:3194,modern,npz,4.889969,-0.303436,13312.0,6656.0,18.578725961538453,4.5384599961634,post179,store
8092,5_XhXJIR3gbZQFkqyVvPgw,NoCurbRamp,3.0,[],2024-05-01 12:54:05.639000+00:00,True,9,2,0,2022-03,63.8125,-11.375,1.0,366.0,264.0,720.0,480.0,14727.0,4786.0,16384.0,8192.0,281.1985168457031,7.0666351318359375,,40.89461393822946,-74.02417610052339,post179,5e6be197-28f8-48f1-9cef-d563fcc6467d,gsv,teaneck-nj,0,"{""jon"": ""Agree""}",teaneck-nj:8092,modern,npz,7.079041,1.50686,16384.0,8192.0,143.59130859375,-4.802855729618749,post179,store
31865,y9WShIfCXLA2jNU7thZVYg,CurbRamp,1.0,[],2026-02-11 01:45:47.411000+00:00,True,1,0,1,2019-08,289.5625,-25.0625,1.0,391.0,92.0,720.0,480.0,8685.0,4223.0,16384.0,8192.0,283.27178955078125,-4.744180202484131,,40.93333082854262,-74.14533766728515,post179,c0142ab1-8e4d-4cc1-921b-5b65f3134f1a,gsv,paterson-nj,0,"{""jon"": ""Agree""}",paterson-nj:31865,modern,npz,-4.739975,1.305605,16384.0,8192.0,10.83251953125,-4.410138310725003,post179,store
1213,MrUWoRABBoQL-vFvGTG7UQ,CurbRamp,2.0,"[""parallel lines"",""points into traffic""]",2023-08-16 23:14:28.426000+00:00,True,3,0,0,2020-09,253.2767791748047,-26.401784896850582,2.0,285.0,90.0,720.0,480.0,11770.0,4760.0,16384.0,8192.0,168.65908813476562,0.6974949836730957,,49.27008746755236,-123.00003805528024,post179,504ca81a-11ed-4331-af20-e60dc3d2da06,gsv,burnaby,0,"{""jon"": ""Agree""}",burnaby:1213,modern,npz,0.656654,4.211165,16384.0,8192.0,78.6181640625,4.2579357425541895,post179,store
24956,NTQAHhgF8ast557yQvj2nQ,Obstacle,3.0,"[""pole""]",2024-11-20 00:32:11.160000+00:00,True,3,1,1,2023-03,283.56866455078125,-14.147321701049805,2.0,372.0,198.0,720.0,480.0,5969.0,4588.0,16384.0,8192.0,333.3918151855469,-5.5274200439453125,,40.81714343565683,-73.98753705020916,post179,18b26a38-24ab-402d-a64e-158fc0bb8a8a,gsv,cliffside-park-nj,1,{},cliffside-park-nj:24956,modern,npz,-5.498657,3.165568,16384.0,8192.0,-48.84521484375,-6.0021066536892675,post179,store
9641,yTEVZUd7rp5l670jGCG8-g,Obstacle,2.0,"[""sign"",""narrow""]",2024-07-04 00:20:46.539000+00:00,True,1,0,1,2022-05,226.91964721679688,-16.20535659790039,1.0,373.0,256.0,720.0,480.0,10380.0,4948.0,16384.0,8192.0,181.0067443847656,-5.038375854492188,,49.22621281601796,-122.98253191203466,post179,f0adf62d-6a14-486c-bea0-f53da3408e04,gsv,burnaby,0,"{""jon"": ""Agree""}",burnaby:9641,modern,npz,-5.075256,-1.242035,16384.0,8192.0,48.076171875,-4.315107856054706,post179,store
13618,iEPoOZ3HE1aWSAKJD9XVyw,CurbRamp,1.0,"[""missing tactile warning""]",2023-07-14 16:03:42.953000+00:00,True,2,0,1,2012-09,69.125,-19.25,1.0,664.0,240.0,720.0,480.0,6922.0,3868.0,13312.0,6656.0,103.63070678710938,6.9111199378967285,,40.96273982570934,-74.03092109212363,post179,65ed2668-828e-4833-843f-6d2bcc803bfe,gsv,oradell-nj,0,"{""jon"": ""Agree""}",oradell-nj:13618,xml,xml,6.91557113721435,0.24753958497142,13312.0,6656.0,7.193509615384613,6.892135050105864,post179,store
30090,tAY-_oqj4bFSsA2WqqCX2A,CurbRamp,1.0,[],2025-04-26 16:02:46.063000+00:00,True,2,0,1,2023-05,354.8546447753906,-12.709821701049805,3.0,193.0,180.0,720.0,480.0,15509.0,4564.0,16384.0,8192.0,187.4647521972656,-4.8519439697265625,,40.39528870129715,-82.48120911243844,post179,79955391-b6e3-4254-90d1-b6bd1ffa87c0,gsv,knox-oh,0,"{""jon"": ""Agree""}",knox-oh:30090,modern,npz,-4.722565,1.291243,16384.0,8192.0,160.77392578125,4.884373193638564,post179,store
25176,vRItFyifBH6mRKTfKTvLjg,CurbRamp,1.0,"[""points into traffic""]",2025-02-08 13:49:21.610000+00:00,True,4,0,1,2023-10,273.7165222167969,-15.464285850524902,3.0,399.0,146.0,720.0,480.0,9542.0,4632.0,16384.0,8192.0,245.6166076660156,4.888083934783936,,34.00567411774162,-81.03936690612231,post179,65f7fffc-b142-4397-b1b0-f655ed8717fd,gsv,columbia-sc,0,"{""mikey"": ""Agree""}",columbia-sc:25176,modern,npz,4.907982,1.12175,16384.0,8192.0,29.6630859375,4.819946505628547,post179,store
