label_id,pano_id,label_type,severity,tags,time_created,correct,agree_count,disagree_count,unsure_count,image_capture_date,heading,pitch,zoom,canvas_x,canvas_y,canvas_width,canvas_height,pano_x,pano_y,pano_width,pano_height,camera_heading,camera_pitch,camera_roll,latitude,longitude,era,user_id,pano_source,city,lead_made,lead_votes,label_uid,scrape_era,pose_source,pitch_deg,roll_deg,jpg_width,jpg_height,dbear,T_deg,era_arm,source
51794,jGYf0j72FICxpLepaScu5A,NoCurbRamp,3.0,"[""no alternate route""]",2021-02-09 22:08:37.605000+00:00,True,2,0,0,2014-11,145.29464721679688,-21.14285659790039,2.0,147.0,246.0,720.0,480.0,4752.0,4093.0,13312.0,6656.0,179.1927947998047,10.306106567382812,,25.68536781851784,-100.4118696894122,mid,2854cb12-0fd7-431d-b54e-40c0497f8371,gsv,spgg,0,"{""jon"": ""Agree""}",spgg:51794,xml,xml,10.29665711742165,-2.432129150816231,13312.0,6656.0,-51.49038461538461,8.314322009332063,legacy+mid,store
121802,h3CHlihAK2g7yYf8Sz9KtA,Obstacle,,"[""vegetation""]",2021-01-01 05:13:59.150000+00:00,True,5,2,2,2015-08,267.109375,0.0,3.0,439.0,243.0,720.0,480.0,3316.0,3332.0,13312.0,6656.0,0.5204872488975525,-0.4497909545898437,,47.64527203081759,-122.38624208228148,mid,7d65ec0f-4ba8-4895-abfb-eb75fab3104e,gsv,seattle-wa,0,"{""mikey"": ""Agree""}",seattle-wa:121802,xml,xml,-0.6196603465671779,5.278773344750961,13312.0,6656.0,-90.32451923076924,-5.275178979728107,legacy+mid,store
16532,i11b1vEiT0vPp576hEzDrA,NoCurbRamp,2.0,"[""no alternate route""]",2019-11-10 02:16:32.142000+00:00,True,2,1,1,2012-06,309.75,-26.5625,1.0,398.0,227.0,720.0,480.0,8451.0,4229.0,13312.0,6656.0,267.7879943847656,9.244499206542969,,45.30952072143555,-122.96334075927734,legacy,c4638901-60c4-407a-b355-52c3bdf708b2,gsv,newberg-or,0,"{""jon"": ""Agree""}",newberg-or:16532,xml,xml,9.215222094334957,-0.8013624349074888,13312.0,6656.0,48.542668269230774,5.5004691886126,legacy+mid,store
126172,TA8RwA6696ML3NxOQvJ8sQ,CurbRamp,2.0,"[""missing tactile warning""]",2021-01-28 21:45:03.114000+00:00,True,2,0,0,2019-05,144.74107360839844,-35.0,1.0,273.0,181.0,720.0,480.0,9985.0,5233.0,16384.0,8192.0,90.5659637451172,8.2607421875,,47.61523586869136,-122.30758869684462,mid,12d3f3e7-1635-41ee-84e5-28f4130828d5,gsv,seattle-wa,0,"{""mikey"": ""Agree""}",seattle-wa:126172,xml,xml,8.945295505851712,0.06078112365801714,16384.0,8192.0,39.39697265625,6.9512073060282455,legacy+mid,store
11540,lRBlv-5K00rFS8LktPyelA,NoCurbRamp,2.0,"[""unclear if needed""]",2021-04-22 14:56:42.837000+00:00,True,5,4,0,2016-09,86.5,-34.4375,1.0,515.0,235.0,720.0,480.0,7591.0,4460.0,13312.0,6656.0,88.4483642578125,9.415802001953123,,40.39743517133294,-79.98607172921054,mid,f543caa2-66b9-40d8-b13b-8dd4d18269c9,gsv,pittsburgh-pa,0,"{""jon"": ""Agree""}",pittsburgh-pa:11540,xml,xml,9.480576263765604,2.051505229562969,13312.0,6656.0,25.285456730769226,9.448507774715768,legacy+mid,store
594,w4D-H_8N7-kZ0fxRa7DYJg,NoCurbRamp,3.0,"[""no alternate route""]",2022-03-02 14:04:46.176000+00:00,True,8,4,0,2020-06,91.33678436279295,-23.29464340209961,1.0,269.0,211.0,720.0,480.0,16323.0,4921.0,16384.0,8192.0,257.8440246582031,5.677711486816406,,52.37639211540064,4.891065996154437,mid,549187e0-82c9-4014-a48d-31f18083d575,gsv,amsterdam,1,{},amsterdam:594,xml,xml,5.679834542572614,-0.8955331199899548,16384.0,8192.0,178.65966796875,-5.699227972041123,legacy+mid,store
98415,4hnnFbGw3pKwX4bxqHTALA,SurfaceProblem,2.0,"[""cracks""]",2020-06-06 04:45:45.059000+00:00,True,2,1,0,2019-05,45.97321319580078,-33.6875,1.0,430.0,170.0,720.0,480.0,2650.0,5111.0,16384.0,8192.0,179.39056396484375,-9.384567260742188,,47.6473503112793,-122.3544464111328,legacy,0e1ae564-6d72-4670-98e4-71369cc5ab26,gsv,seattle-wa,0,"{""mikey"": ""Agree""}",seattle-wa:98415,xml,xml,-9.380782572039996,-0.8586724265461682,16384.0,8192.0,-121.7724609375,5.669421955998792,legacy+mid,store
611,_CSsjxmgCmG_UAcp31qFoQ,SurfaceProblem,1.0,"[""brick/cobblestone"",""bumpy"",""cracks""]",2022-03-02 14:09:14.056000+00:00,True,8,0,1,2021-09,192.1135711669922,-22.0625,1.0,276.0,157.0,720.0,480.0,6616.0,4501.0,16384.0,8192.0,213.81553649902344,-1.0659332275390625,,52.37467309740009,4.889267572718383,mid,549187e0-82c9-4014-a48d-31f18083d575,gsv,amsterdam,1,{},amsterdam:611,xml,xml,-1.0580525060549457,7.929724137347455,16384.0,8192.0,-34.62890625,-5.376755006543585,legacy+mid,store
4862,rvzkd7bOriwSl_KjYs-m0w,SurfaceProblem,1.0,"[""height difference""]",2022-05-12 21:34:25.686000+00:00,True,2,0,0,2021-10,81.29911041259766,-20.50223159790039,3.0,439.0,153.0,720.0,480.0,15205.0,4873.0,16384.0,8192.0,290.43511962890625,-6.017097473144531,,40.96260342917075,-74.03905604991384,mid,549187e0-82c9-4014-a48d-31f18083d575,gsv,oradell-nj,1,{},oradell-nj:4862,xml,xml,-6.018054803662916,2.207060574635346,16384.0,8192.0,154.09423828125,6.377571293866305,legacy+mid,store
2345,OOMnOikAYr4y04vsR-htYg,Obstacle,2.0,"[""parked car""]",2019-04-15 22:47:38.625000+00:00,True,3,1,2,2018-07,166.375,-21.625,1.0,347.0,201.0,720.0,480.0,2103.0,4800.0,16384.0,8192.0,298.0370178222656,-7.992881774902344,,47.65943145751953,-122.27174377441406,legacy,549187e0-82c9-4014-a48d-31f18083d575,gsv,seattle-wa,1,"{""mikey"": ""Agree""}",seattle-wa:2345,xml,xml,-7.997611911426709,-0.19545770439054364,16384.0,8192.0,-133.79150390625,5.675730134289633,legacy+mid,store
8069,t6r9oLk8IIwLGNbEveaMlQ,Obstacle,3.0,"[""narrow"",""pole""]",2020-09-08 14:08:03.618000+00:00,True,2,0,1,2014-11,75.30357360839844,-26.1875,1.0,208.0,194.0,720.0,480.0,1068.0,3972.0,13312.0,6656.0,202.6290435791016,-3.4417037963867188,,25.656492233276367,-100.39903259277344,legacy,549187e0-82c9-4014-a48d-31f18083d575,gsv,spgg,1,{},spgg:8069,xml,xml,-5.615986127344775,-0.7044854984107496,13312.0,6656.0,-151.11778846153845,5.257712975892585,legacy+mid,store
145922,IhC_tNA1jn1b_Ho1pUgrFA,SurfaceProblem,2.0,"[""cracks""]",2021-04-09 23:34:28.118000+00:00,True,2,0,1,2019-05,34.99776840209961,-8.955357551574707,3.0,438.0,191.0,720.0,480.0,9976.0,4416.0,16384.0,8192.0,358.8736572265625,-10.285194396972656,,47.62919330630889,-122.35132155942084,mid,18b26a38-24ab-402d-a64e-158fc0bb8a8a,gsv,seattle-wa,1,{},seattle-wa:145922,xml,xml,-10.078090841849008,1.6359049432773225,16384.0,8192.0,39.19921875,-6.776125232068418,legacy+mid,store
185994,_XJTCnqd-MY_tihUVdxGWg,CurbRamp,2.0,"[""missing tactile warning"",""not enough landing space"",""not level with street""]",2021-08-26 20:01:29.989000+00:00,True,1,0,1,2019-05,144.375,-25.375,1.0,404.0,222.0,720.0,480.0,15112.0,5113.0,16384.0,8192.0,359.81085205078125,-8.896163940429688,,47.62626327481236,-122.35662309465718,mid,239d13aa-162e-470d-bb24-715d5e00d3c5,gsv,seattle-wa,0,"{""mikey"": ""Agree""}",seattle-wa:185994,xml,xml,-8.893554040331484,-1.7803360726850261,16384.0,8192.0,152.05078125,7.0218159729366905,legacy+mid,store
36421,TBFKRLuH7OJHt2Q25DXapA,SurfaceProblem,3.0,"[""narrow sidewalk"",""uneven/slanted""]",2020-11-18 05:24:32.775000+00:00,True,1,0,1,2019-08,286.0625,-0.1875,1.0,275.0,259.0,720.0,480.0,15500.0,4238.0,16384.0,8192.0,112.26380157470705,5.997184753417969,,25.6648269436864,-100.3556653942913,legacy,c7ad7143-7e23-4f1a-9ba8-fb1b8b0d7669,gsv,spgg,0,"{""jon"": ""Agree""}",spgg:36421,xml,xml,5.66512003107858,0.5315214327496413,16384.0,8192.0,160.576171875,-5.165927294070719,legacy+mid,store
864,kXf9MccGmt7amxBldXtSkg,SurfaceProblem,1.0,"[""brick/cobblestone""]",2022-03-03 00:08:33.965000+00:00,False,3,5,0,2019-05,303.7767944335937,-30.5,1.0,372.0,369.0,720.0,480.0,6250.0,5181.0,13312.0,6656.0,317.5433959960937,12.495338439941406,,52.37698649651422,4.89708778537858,mid,18b26a38-24ab-402d-a64e-158fc0bb8a8a,gsv,amsterdam,1,"{""jon"": ""Agree""}",amsterdam:864,xml,xml,12.49564493504535,1.7672740753135736,13312.0,6656.0,-10.979567307692292,11.930321132629569,legacy+mid,store
79889,YYKSIVShl5EdHuDURqVGVg,CurbRamp,2.0,[],2021-03-04 00:49:24.474000+00:00,True,3,1,0,2019-08,34.78571319580078,-32.76785659790039,2.0,352.0,315.0,720.0,480.0,13682.0,5857.0,16384.0,8192.0,273.3408203125,5.637969970703125,,25.63384328771547,-100.38471118627892,mid,4d12cb90-e10a-49e8-84fb-d2d0473f1b8b,gsv,spgg,0,"{""jon"": ""Agree""}",spgg:79889,xml,xml,5.257700276347627,12.575113828673445,16384.0,8192.0,120.6298828125,8.141841767939546,legacy+mid,store
11187,3kpFxSKVnA5Fqe9FqDhxpg,Obstacle,3.0,"[""narrow"",""parked car""]",2021-04-21 18:05:51.261000+00:00,True,2,0,1,2016-05,10.75,-10.1875,1.0,426.0,216.0,720.0,480.0,4764.0,3560.0,13312.0,6656.0,72.3004150390625,-14.314041137695312,,40.45724345817823,-79.88759186936838,mid,34f3faf8-ea08-4e7e-81db-e48138a14044,gsv,pittsburgh-pa,0,"{""jon"": ""Agree""}",pittsburgh-pa:11187,xml,xml,-14.274389339443875,3.4269782062295158,13312.0,6656.0,-51.16586538461539,-11.620507203470538,legacy+mid,store
12096,3FqVdGmnxXpigRugein19g,NoCurbRamp,3.0,"[""no alternate route""]",2020-09-20 21:54:40.546000+00:00,True,2,0,0,2017-03,237.3214263916016,-21.964284896850582,2.0,318.0,157.0,720.0,480.0,4552.0,3897.0,13312.0,6656.0,290.79791259765625,-2.438316345214844,,25.657787322998047,-100.40055847167967,legacy,08b3c832-ca58-4118-b967-bdb2c6a1a73d,gsv,spgg,0,"{""jon"": ""Agree""}",spgg:12096,xml,xml,-2.430169505244918,5.387241982292765,13312.0,6656.0,-56.89903846153847,-5.84009856351293,legacy+mid,store
1779,MHTKxxoJCLQY5j1Ex2mD4g,Obstacle,3.0,"[""narrow"",""vegetation""]",2022-05-23 21:43:43.719000+00:00,,0,0,1,2010-01,259.5599975585937,-10.3125,2.0,161.0,255.0,720.0,480.0,11854.0,3738.0,13312.0,6656.0,103.2922134399414,6.558380126953125,,20.341652280837778,-102.0341909823864,mid,549187e0-82c9-4014-a48d-31f18083d575,gsv,la-piedad-old,1,{},la-piedad-old:1779,modern,npz,6.469841,-2.653381,13312.0,6656.0,140.57091346153845,-6.682600511729079,legacy+mid,store
54395,uW0maggeUINA6jleJcG0uw,NoCurbRamp,3.0,[],2019-05-06 03:40:59.211000+00:00,True,1,0,1,2018-07,80.23883819580078,-8.794642448425293,2.0,124.0,183.0,720.0,480.0,5938.0,4281.0,16384.0,8192.0,111.67784118652344,-0.92083740234375,,47.672306060791016,-122.27840423583984,legacy,549187e0-82c9-4014-a48d-31f18083d575,gsv,seattle-wa,1,{},seattle-wa:54395,xml,xml,-0.9045197952271395,7.021982906561526,16384.0,8192.0,-49.5263671875,-5.928777833699244,legacy+mid,store
1710,rfuZDkLNay4Yo1nBlqhTcw,CurbRamp,1.0,"[""not enough landing space"",""points into traffic""]",2020-11-10 19:44:10.297000+00:00,True,2,0,0,2019-07,29.9375,0.0,1.0,422.0,344.0,720.0,480.0,14788.0,4816.0,16384.0,8192.0,254.7461853027344,0.259368896484375,,40.44934078964122,-80.0047060276035,legacy,d08d0dfb-523f-4b81-a49d-6600ad9f6269,gsv,pittsburgh-pa,0,"{""jon"": ""Agree""}",pittsburgh-pa:1710,xml,xml,-6.149106416575331,6.831046176229238,16384.0,8192.0,144.931640625,8.957641977296587,legacy+mid,store
3293,NnBRZIqb-V_sQDnAh4eSKw,Obstacle,1.0,"[""vegetation""]",2019-03-20 03:43:40.313000+00:00,True,1,0,1,2012-06,185.4955291748047,-4.6875,3.0,240.0,206.0,720.0,480.0,1019.0,3452.0,13312.0,6656.0,333.2404479980469,6.174140930175781,,45.309600830078125,-122.9391098022461,legacy,a050a3bd-6dbc-4110-87c1-931ab23ef243,gsv,newberg-or,0,"{""jon"": ""Agree""}",newberg-or:3293,xml,xml,6.171900505767345,0.686836331966208,13312.0,6656.0,-152.44290865384616,-5.7894528183051595,legacy+mid,store
23063,GPcsnUEUxppSTr0y2EYpGQ,CurbRamp,1.0,[],2021-01-18 19:14:41.048000+00:00,True,2,0,0,2019-07,246.9776763916016,-17.546875,2.0,391.0,185.0,720.0,480.0,15445.0,4696.0,16384.0,8192.0,90.13458251953124,-0.6571426391601562,,39.992156025010665,-83.01486514341832,mid,18b26a38-24ab-402d-a64e-158fc0bb8a8a,gsv,columbus-oh,1,{},columbus-oh:23063,xml,xml,-7.0279216467457,3.1304727815490105,16384.0,8192.0,159.36767578125,7.680240713120458,legacy+mid,store
1231,MDEIhJn2M__VcrBl9r-yJQ,CurbRamp,1.0,"[""missing tactile warning""]",2019-03-06 13:42:01.478000+00:00,True,2,0,0,2007-10,236.86607360839844,-18.48214340209961,2.0,402.0,217.0,720.0,480.0,1381.0,986.0,3328.0,1664.0,270.96514892578125,-6.291496276855469,,45.31267929077149,-122.9510269165039,legacy,a050a3bd-6dbc-4110-87c1-931ab23ef243,gsv,newberg-or,0,"{""jon"": ""Agree""}",newberg-or:1231,xml,xml,-6.27924866532484,3.858488849150172,3328.0,1664.0,-30.612980769230774,-7.368971928168947,legacy+mid,store
290009,t1D0OppRdOcmEHJkVt7J6Q,NoCurbRamp,3.0,"[""no alternate route""]",2024-09-05 20:04:34.397000+00:00,True,1,0,0,2019-06,225.39285278320312,-13.008928298950195,2.0,344.0,259.0,720.0,480.0,14259.0,4756.0,16384.0,8192.0,90.78299713134766,4.559360027313232,,47.70103711490742,-122.28813195112092,post179,18b26a38-24ab-402d-a64e-158fc0bb8a8a,gsv,seattle-wa,1,{},seattle-wa:290009,xml,xml,4.706070551189732,-2.8850129925573595,16384.0,8192.0,133.30810546875,-5.327347974024774,post179,store
66593,VvJnYVDI-nYvCNww-b8mkQ,Obstacle,2.0,"[""litter/garbage""]",2025-08-16 18:19:58.293000+00:00,True,3,0,1,2023-07,352.578125,-17.1875,3.0,275.0,281.0,720.0,480.0,5108.0,4950.0,16384.0,8192.0,56.82114791870117,-2.371340036392212,,34.05551128689093,-80.99487198757457,post179,65f7fffc-b142-4397-b1b0-f655ed8717fd,gsv,columbia-sc,0,"{""jon"": ""Agree""}",columbia-sc:66593,modern,npz,-2.337486,5.434571,16384.0,8192.0,-67.763671875,-5.914976047071792,post179,store
524,JV-w2CR6AVs6YDHBQMG7Uw,SurfaceProblem,1.0,"[""height difference"",""uneven/slanted""]",2023-08-03 22:26:11.536000+00:00,True,2,0,0,2023-05,295.4464416503906,-22.97321510314941,1.0,147.0,338.0,720.0,480.0,14327.0,5574.0,16384.0,8192.0,124.7896957397461,-6.440450191497803,,49.27763150535315,-122.94887952357446,post179,549187e0-82c9-4014-a48d-31f18083d575,gsv,burnaby,1,{},burnaby:524,modern,npz,-6.431091,1.764902,16384.0,8192.0,134.80224609375,5.7840196717298085,post179,store
22009,iEmhmeg7jjtdvHmLhgrahg,CurbRamp,1.0,[],2024-10-04 18:51:07.707000+00:00,True,5,0,0,2022-03,304.3125,-25.4375,1.0,78.0,220.0,720.0,480.0,15369.0,4888.0,16384.0,8192.0,106.53882598876952,-5.853059768676758,,40.8963059675748,-74.02537223530521,post179,671acef0-54ac-4ab9-890f-c529c2aa1964,gsv,teaneck-nj,0,"{""mikey"": ""Agree""}",teaneck-nj:22009,modern,npz,-5.773094,0.237791,16384.0,8192.0,157.69775390625,5.431476677322324,post179,store
17932,gUs00G6tYES-BTOxDBuc6w,NoCurbRamp,2.0,[],2024-07-20 20:35:15.456000+00:00,True,2,0,0,2020-12,182.5625,-35.0,1.0,341.0,261.0,720.0,480.0,13816.0,5837.0,16384.0,8192.0,55.16728210449219,-5.348599910736084,,49.21291351845914,-122.99380403381282,post179,9226a582-aef2-4fcc-af3a-eefcd6082712,gsv,burnaby,0,"{""jon"": ""Agree""}",burnaby:17932,modern,npz,-5.427307,2.786869,16384.0,8192.0,123.57421875,5.323327541044078,post179,store
12562,I25AD16ltn9URZ6FVcrUpQ,CurbRamp,1.0,[],2024-05-30 17:45:26.682000+00:00,True,5,0,0,2022-03,71.640625,-26.5625,1.0,495.0,123.0,720.0,480.0,15235.0,4466.0,16384.0,8192.0,296.6498413085937,-5.2436299324035645,,40.88869524780423,-74.02242608259348,post179,1fb28364-71c7-424b-b3ab-9f4f06dbb714,gsv,teaneck-nj,0,"{""jon"": ""Agree""}",teaneck-nj:12562,modern,npz,-5.191116,0.933649,16384.0,8192.0,154.75341796875,5.09347876779161,post179,store
15398,ThJBU7OA5ajBLOXD88W57w,SurfaceProblem,2.0,"[""height difference"",""uneven/slanted""]",2024-07-16 17:37:17.061000+00:00,True,2,0,1,2022-03,264.8705444335937,-6.598214149475098,3.0,398.0,177.0,720.0,480.0,6884.0,4284.0,16384.0,8192.0,295.110107421875,-5.402460098266602,,40.898243340204445,-74.01381846353321,post179,549187e0-82c9-4014-a48d-31f18083d575,gsv,teaneck-nj,1,{},teaneck-nj:15398,modern,npz,-5.421486,0.830485,16384.0,8192.0,-28.740234375,-5.152936072282769,post179,store
241980,FqAPac44GRsS4vhEQqB2PA,SurfaceProblem,2.0,"[""bumpy"",""grass"",""narrow sidewalk""]",2023-04-19 17:42:53.310000+00:00,True,2,0,0,2022-09,51.85714340209961,-8.392857551574707,3.0,507.0,133.0,720.0,480.0,6700.0,4286.0,16384.0,8192.0,90.3943099975586,-7.043039798736572,,47.54434378120944,-122.27296785554977,post179,d7703151-4339-4cca-b2a0-511d9d36fac9,gsv,seattle-wa,0,"{""mikey"": ""Agree""}",seattle-wa:241980,modern,npz,-6.992371,2.160754,16384.0,8192.0,-32.783203125,-7.048629407321757,post179,store
286038,tmFsBxP5j6uyKiLjRvgtAA,Obstacle,2.0,"[""sign""]",2024-07-10 18:56:37.923000+00:00,True,2,0,0,2021-07,232.4464263916016,-28.25,1.0,459.0,253.0,720.0,480.0,14644.0,5422.0,16384.0,8192.0,108.27264404296876,7.099050045013428,,47.62006996098332,-122.2811729736369,post179,24e0a596-2733-44c3-b7af-0cea29097309,gsv,seattle-wa,0,"{""mikey"": ""Agree""}",seattle-wa:286038,modern,npz,7.549828,0.949648,16384.0,8192.0,141.767578125,-5.342748953722756,post179,store
24944,YbXpQoDOoTKyq4WnhkizUQ,NoCurbRamp,3.0,"[""no alternate route""]",2025-12-16 00:36:30.478000+00:00,False,0,4,3,2025-08,352.9330444335937,-12.77375030517578,2.0,451.0,130.0,720.0,480.0,1615.0,4282.0,16384.0,8192.0,144.58948,6.414444000000003,,40.929351844001225,-74.17188721370589,post179,549187e0-82c9-4014-a48d-31f18083d575,gsv,paterson-nj,1,{},paterson-nj:24944,modern,npz,6.414536,0.418829,16384.0,8192.0,-144.51416015625,-5.466224689607075,post179,store
22096,BP6WzYBVAVFbo-xBFJKF4w,NoCurbRamp,2.0,"[""no alternate route""]",2024-02-11 02:11:00.705000+00:00,True,5,0,1,2022-11,175.625,-29.375,1.0,349.0,151.0,720.0,480.0,8603.0,4803.0,16384.0,8192.0,164.8292999267578,7.076710224151611,,40.382382423432624,-79.99905857846404,post179,75efd5b7-6503-4333-8484-089c0ebf59b4,gsv,pittsburgh-pa,0,"{""jon"": ""Agree""}",pittsburgh-pa:22096,modern,npz,6.816803,-4.679901,16384.0,8192.0,9.03076171875,5.997723962292335,post179,store
26768,4cgdUbx4nJHmT_ciVFV_KA,NoCurbRamp,2.0,"[""no alternate route""]",2026-05-18 20:41:07.217000+00:00,True,3,1,1,2022-08,352.1240624999999,-32.75,1.0000000000000004,153.0,112.0,720.0,480.0,2098.0,4626.0,16384.0,8192.0,97.01198,7.085909999999998,,42.38029781462447,-71.24851173679347,post179,72b349db-fde8-44d9-887b-496cbcaee883,gsv,waltham-ma,0,"{""jon"": ""Agree""}",waltham-ma:26768,modern,npz,7.085907,0.307899,16384.0,8192.0,-133.9013671875,-5.135354572809282,post179,store
255057,NvD9kkVQddnIC1xLBjHbgA,NoCurbRamp,2.0,[],2023-05-22 20:19:11.074000+00:00,True,3,0,0,2011-08,84.21428680419922,-35.0,1.0,480.0,211.0,720.0,480.0,5087.0,4390.0,13312.0,6656.0,147.62615966796875,2.184746026992798,,47.519025267484416,-122.27419893598376,post179,80a4a5aa-36d2-48d1-8f46-b6aebcbd29c2,gsv,seattle-wa,0,"{""mikey"": ""Agree""}",seattle-wa:255057,modern,npz,2.110992,-7.983276,13312.0,6656.0,-42.430889423076906,6.944425246074846,post179,store
4247,AIhX2xCAtAbAVIcBmOxzRA,Obstacle,3.0,"[""tree"",""vegetation""]",2024-03-18 22:07:58.872000+00:00,,1,1,2,2021-10,90.36161041259766,-2.6294643878936768,3.0,364.0,228.0,720.0,480.0,7105.0,4194.0,16384.0,8192.0,114.41378784179688,-5.332220077514648,,40.91276371272264,-74.01774909013216,post179,549187e0-82c9-4014-a48d-31f18083d575,gsv,teaneck-nj,1,"{""mikey"": ""Agree""}",teaneck-nj:4247,modern,npz,-5.288345,1.276136,16384.0,8192.0,-23.88427734375,-5.352173671135542,post179,store
240773,d5SR3_Ua8kWHznyV3xFkAQ,CurbRamp,1.0,[],2023-04-09 23:08:12.216000+00:00,True,3,0,0,2022-09,5.4375,-31.4375,1.0,466.0,237.0,720.0,480.0,9284.0,5442.0,16384.0,8192.0,0.3215411603450775,6.299193859100342,,47.70484872073246,-122.29083270636362,post179,186a11ec-180a-4e8d-8766-18fcbda30ad5,gsv,seattle-wa,0,"{""mikey"": ""Agree""}",seattle-wa:240773,modern,npz,6.299194,1.998919,16384.0,8192.0,23.994140625,6.567708903317738,post179,store
25213,-d9SljP4KInmatkNkuvu6A,SurfaceProblem,2.0,"[""utility panel"",""uneven/slanted""]",2026-05-13 19:27:52.356000+00:00,True,2,0,1,2022-08,73.99999999999999,-31.5,1.0000000000000004,295.0,275.0,720.0,480.0,12567.0,5751.0,16384.0,8192.0,325.24557,-7.053550000000001,,42.380905543872665,-71.24679800859006,post179,72b349db-fde8-44d9-887b-496cbcaee883,gsv,waltham-ma,0,"{""jon"": ""Agree""}",waltham-ma:25213,modern,npz,-7.053551,4.715455,16384.0,8192.0,96.13037109375,5.441746245916774,post179,store
37463,IMS3O7roO9RGYkDk6OBbXQ,Obstacle,2.0,"[""vegetation"",""narrow""]",2025-06-22 21:39:04.836000+00:00,True,4,0,1,2022-02,166.53125,-4.549107074737549,3.0,215.0,257.0,720.0,480.0,7038.0,4332.0,16384.0,8192.0,186.1885223388672,-6.008969783782959,,34.0102359450219,-81.00123187716113,post179,071ac77f-68bc-4405-8328-2fbe59324851,gsv,columbia-sc,0,"{""jon"": ""Agree""}",columbia-sc:37463,modern,npz,-5.848381,0.119531,16384.0,8192.0,-25.3564453125,-5.336143337632,post179,store
279655,D9cIIXrZ8oekfhLTFsAH_Q,CurbRamp,1.0,[],2024-04-15 18:40:37.901000+00:00,True,2,0,0,2022-12,158.49107360839844,-13.660714149475098,2.0,236.0,291.0,720.0,480.0,15184.0,4890.0,16384.0,8192.0,354.6544494628906,8.793045043945312,,47.63478492483477,-122.36890525630712,post179,4a5ab360-2790-4c4f-8d4d-75f80d07276c,gsv,seattle-wa,0,"{""mikey"": ""Agree""}",seattle-wa:279655,modern,npz,8.722443,-1.29657,16384.0,8192.0,153.6328125,-8.39084999240777,post179,store
254314,T1yn-1CPBM0wzROtgICKWQ,Obstacle,2.0,"[""construction""]",2023-05-21 21:12:01.485000+00:00,True,2,0,0,2022-09,180.0892791748047,-7.6785712242126465,2.0,88.0,200.0,720.0,480.0,7273.0,4288.0,16384.0,8192.0,179.60922241210938,-5.074920177459717,,47.55965561981448,-122.28486736947838,post179,186a11ec-180a-4e8d-8766-18fcbda30ad5,gsv,seattle-wa,0,"{""mikey"": ""Agree""}",seattle-wa:254314,modern,npz,-5.058296,2.081172,16384.0,8192.0,-20.19287109375,-5.465774705237771,post179,store
4673,szlhbbXb27ZnEe0utJVn2A,CurbRamp,2.0,"[""parallel lines"",""points into traffic""]",2023-08-28 01:26:11.351000+00:00,True,2,0,1,2020-09,166.0044708251953,-18.28571510314941,1.0,262.0,221.0,720.0,480.0,15056.0,4767.0,16384.0,8192.0,359.50555419921875,-5.830535888671875,,49.27821264941303,-122.99205049098752,post179,504ca81a-11ed-4331-af20-e60dc3d2da06,gsv,burnaby,0,"{""jon"": ""Agree""}",burnaby:4673,modern,npz,-5.841194,1.204291,16384.0,8192.0,150.8203125,5.687069419282365,post179,store
488,JDJMG8VQ0uHf2goQxcf5oQ,SurfaceProblem,1.0,"[""height difference""]",2023-08-03 22:07:16.334000+00:00,True,1,0,1,2023-05,46.953125,-12.9375,2.0,447.0,152.0,720.0,480.0,14633.0,4367.0,16384.0,8192.0,272.2919311523437,5.9698100090026855,,49.27613942640813,-122.94852100033248,post179,549187e0-82c9-4014-a48d-31f18083d575,gsv,burnaby,1,{},burnaby:488,modern,npz,5.966537,-0.80423,16384.0,8192.0,141.52587890625,-5.171498288269544,post179,store
286041,8AkXbOcLeSpUcK8Yw01XJA,SurfaceProblem,2.0,"[""cracks""]",2024-07-10 19:00:10.724000+00:00,True,1,0,0,2021-07,230.5714263916016,-33.5,1.0,278.0,95.0,720.0,480.0,14841.0,4615.0,16384.0,8192.0,72.3475112915039,6.648540019989014,,47.61999728348305,-122.28148361560656,post179,24e0a596-2733-44c3-b7af-0cea29097309,gsv,seattle-wa,0,"{""mikey"": ""Agree""}",seattle-wa:286041,modern,npz,7.168999,1.056476,16384.0,8192.0,146.09619140625,-5.360788830720983,post179,store
28740,H38eBW1I7re0Jcnp4hzOKg,CurbRamp,1.0,[],2026-02-04 02:08:03.257000+00:00,True,1,0,1,2025-08,267.0,-32.375,1.0,594.0,50.0,720.0,480.0,14507.0,4280.0,16384.0,8192.0,158.142,3.5786740000000066,,40.91863964165394,-74.18276395233957,post179,188220b9-66ab-4a60-a3d5-f51b35697ee6,gsv,paterson-nj,0,"{""jon"": ""Agree""}",paterson-nj:28740,modern,npz,3.578674,-4.609344,16384.0,8192.0,138.75732421875,-5.729599831434053,post179,store
79,Y7EfI6A6WlCpAsUNDTlgbw,Obstacle,3.0,"[""mailbox""]",2026-08-27 19:46:05.367000+00:00,,0,0,1,2024-10,172.3125,-6.703125,3.0,394.0,194.0,720.0,480.0,8775.0,4319.0,16384.0,8192.0,160.83316,-6.185720000000003,,39.075336217324185,-84.4914556650915,post179,549187e0-82c9-4014-a48d-31f18083d575,gsv,newport-ky,1,{},newport-ky:79,modern,npz,-6.185722,1.345377,16384.0,8192.0,12.81005859375,-5.733465565837891,post179,store
